Keyword,Location,Labels,Google es-MX SERP Date,Google es-MX Rank,Google es-MX Change (vs previous date),Google es-MX URL,Google es-MX Search Volume Min,Google es-MX Search Volume Max,Google Mobile es-MX SERP Date,Google Mobile es-MX Rank,Google Mobile es-MX Change (vs previous date),Google Mobile es-MX URL,Google Mobile es-MX Search Volume Min,Google Mobile es-MX Search Volume Max
pluma de ganzo,National,,2019-08-15,,,,,,2019-08-15,,,,,
almohadas y cojines decorativos,National,,2019-08-15,,,,0,10,2019-08-15,,,,0,10
Cobertores,National,,2019-08-15,,,,,,2019-08-15,,,,,
alta costura en blancos y ropa de cama,National,,2019-08-15,4,-1,http://www.lakemichigan.mx/,,,2019-08-15,5,0,http://www.lakemichigan.mx/,,
Pie de Cama,National,,2019-08-15,,,,,,2019-08-15,,,,,
Cojín Decorativo,National,,2019-08-15,,,,,,2019-08-15,,,,,
Ropa de cama,National,,2019-08-15,,,,,,2019-08-15,,,,,
Duvet Cover,National,,2019-08-15,,,,,,2019-08-15,,,,,
edredones de moda,National,,2019-08-15,,,,,,2019-08-15,,,,,
edredones individuales,National,,2019-08-15,,,,,,2019-08-15,,,,,
edredones invierno 2019,National,,2019-08-15,,,,,,2019-08-15,,,,,
edredones modernos,National,,2019-08-15,,,,,,2019-08-15,,,,,
sábanas y fundas,National,,2019-08-15,,,,,,2019-08-15,,,,,
Lake Michigan,National,branded,2019-08-15,,,,,,2019-08-15,,,,,
Almohadas,National,,2019-08-15,,,,,,2019-08-15,,,,,
Almohadas de pluma de ganzo,National,,2019-08-15,,,,,,2019-08-15,,,,,
Toallas y Batas,National,,2019-08-15,,> -11,,,,2019-08-15,,> -13,,,
cojines,National,,2019-08-15,,,,9301,11500,2019-08-15,,,,9301,11500
edredones concord,National,,2019-08-15,,,,,,2019-08-15,,,,,
Edredones,National,,2019-08-15,,,,,,2019-08-15,,,,,
pluma de ganzo,National,,2019-08-08,,,,,,2019-08-08,,,,,
almohadas y cojines decorativos,National,,2019-08-08,,,,0,10,2019-08-08,,,,0,10
Cobertores,National,,2019-08-08,,,,,,2019-08-08,,,,,
alta costura en blancos y ropa de cama,National,,2019-08-08,3,1,http://www.lakemichigan.mx/,,,2019-08-08,5,-1,http://www.lakemichigan.mx/,,
Pie de Cama,National,,2019-08-08,,,,,,2019-08-08,,,,,
Cojín Decorativo,National,,2019-08-08,,,,,,2019-08-08,,,,,
Ropa de cama,National,,2019-08-08,,,,,,2019-08-08,,,,,
Duvet Cover,National,,2019-08-08,,,,,,2019-08-08,,,,,
edredones de moda,National,,2019-08-08,,,,,,2019-08-08,,,,,
edredones individuales,National,,2019-08-08,,,,,,2019-08-08,,,,,
edredones invierno 2019,National,,2019-08-08,,,,,,2019-08-08,,,,,
edredones modernos,National,,2019-08-08,,,,,,2019-08-08,,,,,
sábanas y fundas,National,,2019-08-08,,,,,,2019-08-08,,,,,
Lake Michigan,National,branded,2019-08-08,,,,,,2019-08-08,,,,,
Almohadas,National,,2019-08-08,,,,,,2019-08-08,,,,,
Almohadas de pluma de ganzo,National,,2019-08-08,,,,,,2019-08-08,,,,,
Toallas y Batas,National,,2019-08-08,40,0,http://lakemichigan.mx/home/?page_id=328,,,2019-08-08,38,2,http://lakemichigan.mx/home/?page_id=328,,
cojines,National,,2019-08-08,,,,9301,11500,2019-08-08,,,,9301,11500
edredones concord,National,,2019-08-08,,,,,,2019-08-08,,,,,
Edredones,National,,2019-08-08,,,,,,2019-08-08,,,,,
